Calendar Date,Date,Unemployment_Rate_MI,Unemployment_Rate_US,Rank,Highlights
01/01/1976 12:00:00 AM,Jan-76,0.099,0.079,,
02/01/1976 12:00:00 AM,Feb-76,0.099,0.077,,
03/01/1976 12:00:00 AM,Mar-76,0.099,0.076,,
04/01/1976 12:00:00 AM,Apr-76,0.098,0.077,,
05/01/1976 12:00:00 AM,May-76,0.096,0.074,,
06/01/1976 12:00:00 AM,Jun-76,0.094,0.076,,
07/01/1976 12:00:00 AM,Jul-76,0.092,0.078,,
08/01/1976 12:00:00 AM,Aug-76,0.091,0.078,,
09/01/1976 12:00:00 AM,Sep-76,0.09,0.076,,
10/01/1976 12:00:00 AM,Oct-76,0.09,0.077,,
11/01/1976 12:00:00 AM,Nov-76,0.09,0.078,,
12/01/1976 12:00:00 AM,Dec-76,0.09,0.078,,
01/01/1977 12:00:00 AM,Jan-77,0.089,0.075,,
02/01/1977 12:00:00 AM,Feb-77,0.087,0.076,,
03/01/1977 12:00:00 AM,Mar-77,0.086,0.074,,
04/01/1977 12:00:00 AM,Apr-77,0.084,0.072,,
05/01/1977 12:00:00 AM,May-77,0.083,0.07,,
06/01/1977 12:00:00 AM,Jun-77,0.082,0.072,,
07/01/1977 12:00:00 AM,Jul-77,0.082,0.069,,
08/01/1977 12:00:00 AM,Aug-77,0.082,0.07,,
09/01/1977 12:00:00 AM,Sep-77,0.081,0.068,,
10/01/1977 12:00:00 AM,Oct-77,0.079,0.068,,
11/01/1977 12:00:00 AM,Nov-77,0.077,0.068,,
12/01/1977 12:00:00 AM,Dec-77,0.075,0.064,,
01/01/1978 12:00:00 AM,Jan-78,0.073,0.064,,
02/01/1978 12:00:00 AM,Feb-78,0.071,0.063,,
03/01/1978 12:00:00 AM,Mar-78,0.07,0.063,,
04/01/1978 12:00:00 AM,Apr-78,0.069,0.061,,
05/01/1978 12:00:00 AM,May-78,0.069,0.06,,
06/01/1978 12:00:00 AM,Jun-78,0.069,0.059,,
07/01/1978 12:00:00 AM,Jul-78,0.069,0.062,,
08/01/1978 12:00:00 AM,Aug-78,0.07,0.059,,
09/01/1978 12:00:00 AM,Sep-78,0.07,0.06,,
10/01/1978 12:00:00 AM,Oct-78,0.071,0.058,,
11/01/1978 12:00:00 AM,Nov-78,0.071,0.059,,
12/01/1978 12:00:00 AM,Dec-78,0.072,0.06,,
01/01/1979 12:00:00 AM,Jan-79,0.073,0.059,,
02/01/1979 12:00:00 AM,Feb-79,0.073,0.059,,
03/01/1979 12:00:00 AM,Mar-79,0.073,0.058,,
04/01/1979 12:00:00 AM,Apr-79,0.073,0.058,,
05/01/1979 12:00:00 AM,May-79,0.074,0.056,,
06/01/1979 12:00:00 AM,Jun-79,0.075,0.057,,
07/01/1979 12:00:00 AM,Jul-79,0.077,0.057,,
08/01/1979 12:00:00 AM,Aug-79,0.079,0.06,,
09/01/1979 12:00:00 AM,Sep-79,0.082,0.059,,
10/01/1979 12:00:00 AM,Oct-79,0.085,0.06,,
11/01/1979 12:00:00 AM,Nov-79,0.088,0.059,,
12/01/1979 12:00:00 AM,Dec-79,0.092,0.06,,
01/01/1980 12:00:00 AM,Jan-80,0.097,0.063,,
02/01/1980 12:00:00 AM,Feb-80,0.104,0.063,,
03/01/1980 12:00:00 AM,Mar-80,0.112,0.063,,
04/01/1980 12:00:00 AM,Apr-80,0.12,0.069,,
05/01/1980 12:00:00 AM,May-80,0.127,0.075,,
06/01/1980 12:00:00 AM,Jun-80,0.132,0.076,,
07/01/1980 12:00:00 AM,Jul-80,0.134,0.078,,
08/01/1980 12:00:00 AM,Aug-80,0.134,0.077,,
09/01/1980 12:00:00 AM,Sep-80,0.132,0.075,,
10/01/1980 12:00:00 AM,Oct-80,0.13,0.075,,
11/01/1980 12:00:00 AM,Nov-80,0.128,0.075,,
12/01/1980 12:00:00 AM,Dec-80,0.126,0.072,,
01/01/1981 12:00:00 AM,Jan-81,0.124,0.075,,
02/01/1981 12:00:00 AM,Feb-81,0.123,0.074,,
03/01/1981 12:00:00 AM,Mar-81,0.121,0.074,,
04/01/1981 12:00:00 AM,Apr-81,0.119,0.072,,
05/01/1981 12:00:00 AM,May-81,0.118,0.075,,
06/01/1981 12:00:00 AM,Jun-81,0.117,0.075,,
07/01/1981 12:00:00 AM,Jul-81,0.118,0.072,,
08/01/1981 12:00:00 AM,Aug-81,0.12,0.074,,
09/01/1981 12:00:00 AM,Sep-81,0.124,0.076,,
10/01/1981 12:00:00 AM,Oct-81,0.128,0.079,,
11/01/1981 12:00:00 AM,Nov-81,0.134,0.083,,
12/01/1981 12:00:00 AM,Dec-81,0.139,0.085,,
01/01/1982 12:00:00 AM,Jan-82,0.143,0.086,,
02/01/1982 12:00:00 AM,Feb-82,0.147,0.089,,
03/01/1982 12:00:00 AM,Mar-82,0.149,0.09,,
04/01/1982 12:00:00 AM,Apr-82,0.15,0.093,,
05/01/1982 12:00:00 AM,May-82,0.15,0.094,,
06/01/1982 12:00:00 AM,Jun-82,0.151,0.096,,
07/01/1982 12:00:00 AM,Jul-82,0.153,0.098,,
08/01/1982 12:00:00 AM,Aug-82,0.156,0.098,,
09/01/1982 12:00:00 AM,Sep-82,0.16,0.101,,
10/01/1982 12:00:00 AM,Oct-82,0.164,0.104,,
11/01/1982 12:00:00 AM,Nov-82,0.166,0.108,,
12/01/1982 12:00:00 AM,Dec-82,0.166,0.108,,
01/01/1983 12:00:00 AM,Jan-83,0.165,0.104,,
02/01/1983 12:00:00 AM,Feb-83,0.163,0.104,,
03/01/1983 12:00:00 AM,Mar-83,0.159,0.103,,
04/01/1983 12:00:00 AM,Apr-83,0.155,0.102,,
05/01/1983 12:00:00 AM,May-83,0.152,0.101,,
06/01/1983 12:00:00 AM,Jun-83,0.148,0.101,,
07/01/1983 12:00:00 AM,Jul-83,0.144,0.094,,
08/01/1983 12:00:00 AM,Aug-83,0.139,0.095,,
09/01/1983 12:00:00 AM,Sep-83,0.135,0.092,,
10/01/1983 12:00:00 AM,Oct-83,0.13,0.088,,
11/01/1983 12:00:00 AM,Nov-83,0.126,0.085,,
12/01/1983 12:00:00 AM,Dec-83,0.122,0.083,,
01/01/1984 12:00:00 AM,Jan-84,0.12,0.08,,
02/01/1984 12:00:00 AM,Feb-84,0.117,0.078,,
03/01/1984 12:00:00 AM,Mar-84,0.116,0.078,,
04/01/1984 12:00:00 AM,Apr-84,0.114,0.077,,
05/01/1984 12:00:00 AM,May-84,0.113,0.074,,
06/01/1984 12:00:00 AM,Jun-84,0.112,0.072,,
07/01/1984 12:00:00 AM,Jul-84,0.111,0.075,,
08/01/1984 12:00:00 AM,Aug-84,0.111,0.075,,
09/01/1984 12:00:00 AM,Sep-84,0.11,0.073,,
10/01/1984 12:00:00 AM,Oct-84,0.109,0.074,,
11/01/1984 12:00:00 AM,Nov-84,0.108,0.072,,
12/01/1984 12:00:00 AM,Dec-84,0.107,0.073,,
01/01/1985 12:00:00 AM,Jan-85,0.105,0.073,,
02/01/1985 12:00:00 AM,Feb-85,0.104,0.072,,
03/01/1985 12:00:00 AM,Mar-85,0.103,0.072,,
04/01/1985 12:00:00 AM,Apr-85,0.103,0.073,,
05/01/1985 12:00:00 AM,May-85,0.102,0.072,,
06/01/1985 12:00:00 AM,Jun-85,0.102,0.074,,
07/01/1985 12:00:00 AM,Jul-85,0.102,0.074,,
08/01/1985 12:00:00 AM,Aug-85,0.101,0.071,,
09/01/1985 12:00:00 AM,Sep-85,0.098,0.071,,
10/01/1985 12:00:00 AM,Oct-85,0.096,0.071,,
11/01/1985 12:00:00 AM,Nov-85,0.093,0.07,,
12/01/1985 12:00:00 AM,Dec-85,0.091,0.07,,
01/01/1986 12:00:00 AM,Jan-86,0.09,0.067,,
02/01/1986 12:00:00 AM,Feb-86,0.091,0.072,,
03/01/1986 12:00:00 AM,Mar-86,0.091,0.072,,
04/01/1986 12:00:00 AM,Apr-86,0.092,0.071,,
05/01/1986 12:00:00 AM,May-86,0.092,0.072,,
06/01/1986 12:00:00 AM,Jun-86,0.091,0.072,,
07/01/1986 12:00:00 AM,Jul-86,0.09,0.07,,
08/01/1986 12:00:00 AM,Aug-86,0.089,0.069,,
09/01/1986 12:00:00 AM,Sep-86,0.087,0.07,,
10/01/1986 12:00:00 AM,Oct-86,0.086,0.07,,
11/01/1986 12:00:00 AM,Nov-86,0.085,0.069,,
12/01/1986 12:00:00 AM,Dec-86,0.085,0.066,,
01/01/1987 12:00:00 AM,Jan-87,0.084,0.066,,
02/01/1987 12:00:00 AM,Feb-87,0.084,0.066,,
03/01/1987 12:00:00 AM,Mar-87,0.084,0.066,,
04/01/1987 12:00:00 AM,Apr-87,0.085,0.063,,
05/01/1987 12:00:00 AM,May-87,0.085,0.063,,
06/01/1987 12:00:00 AM,Jun-87,0.085,0.062,,
07/01/1987 12:00:00 AM,Jul-87,0.084,0.061,,
08/01/1987 12:00:00 AM,Aug-87,0.084,0.06,,
09/01/1987 12:00:00 AM,Sep-87,0.083,0.059,,
10/01/1987 12:00:00 AM,Oct-87,0.083,0.06,,
11/01/1987 12:00:00 AM,Nov-87,0.083,0.058,,
12/01/1987 12:00:00 AM,Dec-87,0.083,0.057,,
01/01/1988 12:00:00 AM,Jan-88,0.083,0.057,,
02/01/1988 12:00:00 AM,Feb-88,0.082,0.057,,
03/01/1988 12:00:00 AM,Mar-88,0.08,0.057,,
04/01/1988 12:00:00 AM,Apr-88,0.078,0.054,,
05/01/1988 12:00:00 AM,May-88,0.076,0.056,,
06/01/1988 12:00:00 AM,Jun-88,0.074,0.054,,
07/01/1988 12:00:00 AM,Jul-88,0.074,0.054,,
08/01/1988 12:00:00 AM,Aug-88,0.073,0.056,,
09/01/1988 12:00:00 AM,Sep-88,0.073,0.054,,
10/01/1988 12:00:00 AM,Oct-88,0.073,0.054,,
11/01/1988 12:00:00 AM,Nov-88,0.072,0.053,,
12/01/1988 12:00:00 AM,Dec-88,0.07,0.053,,
01/01/1989 12:00:00 AM,Jan-89,0.068,0.054,,
02/01/1989 12:00:00 AM,Feb-89,0.067,0.052,,
03/01/1989 12:00:00 AM,Mar-89,0.067,0.05,,
04/01/1989 12:00:00 AM,Apr-89,0.067,0.052,,
05/01/1989 12:00:00 AM,May-89,0.068,0.052,,
06/01/1989 12:00:00 AM,Jun-89,0.07,0.053,,
07/01/1989 12:00:00 AM,Jul-89,0.072,0.052,,
08/01/1989 12:00:00 AM,Aug-89,0.074,0.052,,
09/01/1989 12:00:00 AM,Sep-89,0.076,0.053,,
10/01/1989 12:00:00 AM,Oct-89,0.077,0.053,,
11/01/1989 12:00:00 AM,Nov-89,0.078,0.054,,
12/01/1989 12:00:00 AM,Dec-89,0.078,0.054,,
01/01/1990 12:00:00 AM,Jan-90,0.077,0.054,,
02/01/1990 12:00:00 AM,Feb-90,0.076,0.053,,
03/01/1990 12:00:00 AM,Mar-90,0.075,0.052,,
04/01/1990 12:00:00 AM,Apr-90,0.074,0.054,,
05/01/1990 12:00:00 AM,May-90,0.074,0.054,,
06/01/1990 12:00:00 AM,Jun-90,0.074,0.052,,
07/01/1990 12:00:00 AM,Jul-90,0.075,0.055,,
08/01/1990 12:00:00 AM,Aug-90,0.076,0.057,,
09/01/1990 12:00:00 AM,Sep-90,0.077,0.059,,
10/01/1990 12:00:00 AM,Oct-90,0.079,0.059,,
11/01/1990 12:00:00 AM,Nov-90,0.082,0.062,,
12/01/1990 12:00:00 AM,Dec-90,0.085,0.063,,
01/01/1991 12:00:00 AM,Jan-91,0.088,0.064,,
02/01/1991 12:00:00 AM,Feb-91,0.092,0.066,,
03/01/1991 12:00:00 AM,Mar-91,0.094,0.068,,
04/01/1991 12:00:00 AM,Apr-91,0.095,0.067,,
05/01/1991 12:00:00 AM,May-91,0.095,0.069,,
06/01/1991 12:00:00 AM,Jun-91,0.094,0.069,,
07/01/1991 12:00:00 AM,Jul-91,0.093,0.068,,
08/01/1991 12:00:00 AM,Aug-91,0.092,0.069,,
09/01/1991 12:00:00 AM,Sep-91,0.092,0.069,,
10/01/1991 12:00:00 AM,Oct-91,0.092,0.07,,
11/01/1991 12:00:00 AM,Nov-91,0.093,0.07,,
12/01/1991 12:00:00 AM,Dec-91,0.094,0.073,,
01/01/1992 12:00:00 AM,Jan-92,0.095,0.073,,
02/01/1992 12:00:00 AM,Feb-92,0.095,0.074,,
03/01/1992 12:00:00 AM,Mar-92,0.095,0.074,,
04/01/1992 12:00:00 AM,Apr-92,0.095,0.074,,
05/01/1992 12:00:00 AM,May-92,0.094,0.076,,
06/01/1992 12:00:00 AM,Jun-92,0.094,0.078,,
07/01/1992 12:00:00 AM,Jul-92,0.093,0.077,,
08/01/1992 12:00:00 AM,Aug-92,0.091,0.076,,
09/01/1992 12:00:00 AM,Sep-92,0.089,0.076,,
10/01/1992 12:00:00 AM,Oct-92,0.086,0.073,,
11/01/1992 12:00:00 AM,Nov-92,0.082,0.074,,
12/01/1992 12:00:00 AM,Dec-92,0.079,0.074,,
01/01/1993 12:00:00 AM,Jan-93,0.076,0.073,,
02/01/1993 12:00:00 AM,Feb-93,0.075,0.071,,
03/01/1993 12:00:00 AM,Mar-93,0.074,0.07,,
04/01/1993 12:00:00 AM,Apr-93,0.073,0.071,,
05/01/1993 12:00:00 AM,May-93,0.073,0.071,,
06/01/1993 12:00:00 AM,Jun-93,0.073,0.07,,
07/01/1993 12:00:00 AM,Jul-93,0.073,0.069,,
08/01/1993 12:00:00 AM,Aug-93,0.073,0.068,,
09/01/1993 12:00:00 AM,Sep-93,0.073,0.067,,
10/01/1993 12:00:00 AM,Oct-93,0.073,0.068,,
11/01/1993 12:00:00 AM,Nov-93,0.073,0.066,,
12/01/1993 12:00:00 AM,Dec-93,0.073,0.065,,
01/01/1994 12:00:00 AM,Jan-94,0.072,0.066,,
02/01/1994 12:00:00 AM,Feb-94,0.07,0.066,,
03/01/1994 12:00:00 AM,Mar-94,0.067,0.065,,
04/01/1994 12:00:00 AM,Apr-94,0.065,0.064,,
05/01/1994 12:00:00 AM,May-94,0.062,0.061,,
06/01/1994 12:00:00 AM,Jun-94,0.06,0.061,,
07/01/1994 12:00:00 AM,Jul-94,0.059,0.061,,
08/01/1994 12:00:00 AM,Aug-94,0.058,0.06,,
09/01/1994 12:00:00 AM,Sep-94,0.057,0.059,,
10/01/1994 12:00:00 AM,Oct-94,0.055,0.058,,
11/01/1994 12:00:00 AM,Nov-94,0.053,0.056,,
12/01/1994 12:00:00 AM,Dec-94,0.052,0.055,,
01/01/1995 12:00:00 AM,Jan-95,0.052,0.056,,
02/01/1995 12:00:00 AM,Feb-95,0.053,0.054,,
03/01/1995 12:00:00 AM,Mar-95,0.054,0.054,,
04/01/1995 12:00:00 AM,Apr-95,0.056,0.058,,
05/01/1995 12:00:00 AM,May-95,0.056,0.056,,
06/01/1995 12:00:00 AM,Jun-95,0.056,0.056,,
07/01/1995 12:00:00 AM,Jul-95,0.055,0.057,,
08/01/1995 12:00:00 AM,Aug-95,0.053,0.057,,
09/01/1995 12:00:00 AM,Sep-95,0.052,0.056,,
10/01/1995 12:00:00 AM,Oct-95,0.051,0.055,,
11/01/1995 12:00:00 AM,Nov-95,0.05,0.056,,
12/01/1995 12:00:00 AM,Dec-95,0.05,0.056,,
01/01/1996 12:00:00 AM,Jan-96,0.049,0.056,,
02/01/1996 12:00:00 AM,Feb-96,0.049,0.055,,
03/01/1996 12:00:00 AM,Mar-96,0.05,0.055,,
04/01/1996 12:00:00 AM,Apr-96,0.05,0.056,,
05/01/1996 12:00:00 AM,May-96,0.05,0.056,,
06/01/1996 12:00:00 AM,Jun-96,0.05,0.053,,
07/01/1996 12:00:00 AM,Jul-96,0.049,0.055,,
08/01/1996 12:00:00 AM,Aug-96,0.049,0.051,,
09/01/1996 12:00:00 AM,Sep-96,0.048,0.052,,
10/01/1996 12:00:00 AM,Oct-96,0.048,0.052,,
11/01/1996 12:00:00 AM,Nov-96,0.048,0.054,,
12/01/1996 12:00:00 AM,Dec-96,0.047,0.054,,
01/01/1997 12:00:00 AM,Jan-97,0.047,0.053,,
02/01/1997 12:00:00 AM,Feb-97,0.046,0.052,,
03/01/1997 12:00:00 AM,Mar-97,0.044,0.052,,
04/01/1997 12:00:00 AM,Apr-97,0.043,0.051,,
05/01/1997 12:00:00 AM,May-97,0.042,0.049,,
06/01/1997 12:00:00 AM,Jun-97,0.042,0.05,,
07/01/1997 12:00:00 AM,Jul-97,0.042,0.049,,
08/01/1997 12:00:00 AM,Aug-97,0.042,0.048,,
09/01/1997 12:00:00 AM,Sep-97,0.042,0.049,,
10/01/1997 12:00:00 AM,Oct-97,0.042,0.047,,
11/01/1997 12:00:00 AM,Nov-97,0.042,0.046,,
12/01/1997 12:00:00 AM,Dec-97,0.041,0.047,,
01/01/1998 12:00:00 AM,Jan-98,0.04,0.046,,
02/01/1998 12:00:00 AM,Feb-98,0.039,0.046,,
03/01/1998 12:00:00 AM,Mar-98,0.038,0.047,,
04/01/1998 12:00:00 AM,Apr-98,0.038,0.043,,
05/01/1998 12:00:00 AM,May-98,0.038,0.044,,
06/01/1998 12:00:00 AM,Jun-98,0.038,0.045,,
07/01/1998 12:00:00 AM,Jul-98,0.039,0.045,,
08/01/1998 12:00:00 AM,Aug-98,0.039,0.045,,
09/01/1998 12:00:00 AM,Sep-98,0.04,0.046,,
10/01/1998 12:00:00 AM,Oct-98,0.04,0.045,,
11/01/1998 12:00:00 AM,Nov-98,0.04,0.044,,
12/01/1998 12:00:00 AM,Dec-98,0.04,0.044,,
01/01/1999 12:00:00 AM,Jan-99,0.04,0.043,,
02/01/1999 12:00:00 AM,Feb-99,0.04,0.044,,
03/01/1999 12:00:00 AM,Mar-99,0.04,0.042,,
04/01/1999 12:00:00 AM,Apr-99,0.039,0.043,,
05/01/1999 12:00:00 AM,May-99,0.038,0.042,,
06/01/1999 12:00:00 AM,Jun-99,0.037,0.043,,
07/01/1999 12:00:00 AM,Jul-99,0.037,0.043,,
08/01/1999 12:00:00 AM,Aug-99,0.037,0.042,,
09/01/1999 12:00:00 AM,Sep-99,0.036,0.042,,
10/01/1999 12:00:00 AM,Oct-99,0.036,0.041,,
11/01/1999 12:00:00 AM,Nov-99,0.035,0.041,,
12/01/1999 12:00:00 AM,Dec-99,0.034,0.04,,
01/01/2000 12:00:00 AM,Jan-00,0.033,0.04,17,
02/01/2000 12:00:00 AM,Feb-00,0.032,0.041,28,
03/01/2000 12:00:00 AM,Mar-00,0.033,0.04,30,
04/01/2000 12:00:00 AM,Apr-00,0.034,0.038,31,
05/01/2000 12:00:00 AM,May-00,0.035,0.04,14,
06/01/2000 12:00:00 AM,Jun-00,0.037,0.04,14,
07/01/2000 12:00:00 AM,Jul-00,0.038,0.04,14,
08/01/2000 12:00:00 AM,Aug-00,0.039,0.041,17,
09/01/2000 12:00:00 AM,Sep-00,0.039,0.039,17,
10/01/2000 12:00:00 AM,Oct-00,0.04,0.039,23,
11/01/2000 12:00:00 AM,Nov-00,0.041,0.039,23,
12/01/2000 12:00:00 AM,Dec-00,0.042,0.039,24,
01/01/2001 12:00:00 AM,Jan-01,0.044,0.042,33,
02/01/2001 12:00:00 AM,Feb-01,0.046,0.042,43,
03/01/2001 12:00:00 AM,Mar-01,0.047,0.043,43,
04/01/2001 12:00:00 AM,Apr-01,0.048,0.044,44,
05/01/2001 12:00:00 AM,May-01,0.048,0.043,34,
06/01/2001 12:00:00 AM,Jun-01,0.049,0.045,34,
07/01/2001 12:00:00 AM,Jul-01,0.05,0.046,34,
08/01/2001 12:00:00 AM,Aug-01,0.052,0.049,36,
09/01/2001 12:00:00 AM,Sep-01,0.055,0.05,35,
10/01/2001 12:00:00 AM,Oct-01,0.058,0.053,38,
11/01/2001 12:00:00 AM,Nov-01,0.06,0.055,39,
12/01/2001 12:00:00 AM,Dec-01,0.062,0.057,41,
01/01/2002 12:00:00 AM,Jan-02,0.063,0.057,44,
02/01/2002 12:00:00 AM,Feb-02,0.063,0.057,42,
03/01/2002 12:00:00 AM,Mar-02,0.063,0.057,42,
04/01/2002 12:00:00 AM,Apr-02,0.063,0.059,42,
05/01/2002 12:00:00 AM,May-02,0.063,0.058,43,
06/01/2002 12:00:00 AM,Jun-02,0.062,0.058,43,
07/01/2002 12:00:00 AM,Jul-02,0.061,0.058,43,
08/01/2002 12:00:00 AM,Aug-02,0.06,0.057,42,
09/01/2002 12:00:00 AM,Sep-02,0.06,0.057,42,
10/01/2002 12:00:00 AM,Oct-02,0.06,0.057,41,
11/01/2002 12:00:00 AM,Nov-02,0.062,0.059,40,
12/01/2002 12:00:00 AM,Dec-02,0.063,0.06,41,
01/01/2003 12:00:00 AM,Jan-03,0.065,0.058,43,
02/01/2003 12:00:00 AM,Feb-03,0.068,0.059,47,
03/01/2003 12:00:00 AM,Mar-03,0.07,0.059,47,
04/01/2003 12:00:00 AM,Apr-03,0.072,0.06,46,
05/01/2003 12:00:00 AM,May-03,0.073,0.061,47,
06/01/2003 12:00:00 AM,Jun-03,0.074,0.063,47,
07/01/2003 12:00:00 AM,Jul-03,0.074,0.062,47,
08/01/2003 12:00:00 AM,Aug-03,0.074,0.061,47,
09/01/2003 12:00:00 AM,Sep-03,0.073,0.061,47,
10/01/2003 12:00:00 AM,Oct-03,0.071,0.06,47,
11/01/2003 12:00:00 AM,Nov-03,0.069,0.058,47,
12/01/2003 12:00:00 AM,Dec-03,0.068,0.057,47,
01/01/2004 12:00:00 AM,Jan-04,0.067,0.057,46,
02/01/2004 12:00:00 AM,Feb-04,0.067,0.056,49,
03/01/2004 12:00:00 AM,Mar-04,0.067,0.058,49,
04/01/2004 12:00:00 AM,Apr-04,0.068,0.056,49,
05/01/2004 12:00:00 AM,May-04,0.069,0.056,47,
06/01/2004 12:00:00 AM,Jun-04,0.069,0.056,48,
07/01/2004 12:00:00 AM,Jul-04,0.07,0.055,47,
08/01/2004 12:00:00 AM,Aug-04,0.07,0.054,48,
09/01/2004 12:00:00 AM,Sep-04,0.071,0.054,48,
10/01/2004 12:00:00 AM,Oct-04,0.072,0.055,48,
11/01/2004 12:00:00 AM,Nov-04,0.072,0.054,48,
12/01/2004 12:00:00 AM,Dec-04,0.072,0.054,48,
01/01/2005 12:00:00 AM,Jan-05,0.072,0.053,49,
02/01/2005 12:00:00 AM,Feb-05,0.071,0.054,46,
03/01/2005 12:00:00 AM,Mar-05,0.07,0.052,46,
04/01/2005 12:00:00 AM,Apr-05,0.069,0.052,46,
05/01/2005 12:00:00 AM,May-05,0.068,0.051,49,
06/01/2005 12:00:00 AM,Jun-05,0.067,0.05,49,
07/01/2005 12:00:00 AM,Jul-05,0.066,0.05,49,
08/01/2005 12:00:00 AM,Aug-05,0.066,0.049,48,
09/01/2005 12:00:00 AM,Sep-05,0.066,0.05,47,
10/01/2005 12:00:00 AM,Oct-05,0.066,0.05,46,
11/01/2005 12:00:00 AM,Nov-05,0.067,0.05,46,
12/01/2005 12:00:00 AM,Dec-05,0.067,0.049,46,
01/01/2006 12:00:00 AM,Jan-06,0.068,0.047,48,
02/01/2006 12:00:00 AM,Feb-06,0.069,0.048,50,
03/01/2006 12:00:00 AM,Mar-06,0.069,0.047,50,
04/01/2006 12:00:00 AM,Apr-06,0.07,0.047,50,
05/01/2006 12:00:00 AM,May-06,0.07,0.046,48,
06/01/2006 12:00:00 AM,Jun-06,0.071,0.046,49,
07/01/2006 12:00:00 AM,Jul-06,0.071,0.047,50,
08/01/2006 12:00:00 AM,Aug-06,0.071,0.047,50,
09/01/2006 12:00:00 AM,Sep-06,0.072,0.045,50,
10/01/2006 12:00:00 AM,Oct-06,0.072,0.044,50,
11/01/2006 12:00:00 AM,Nov-06,0.071,0.045,50,
12/01/2006 12:00:00 AM,Dec-06,0.07,0.044,50,
01/01/2007 12:00:00 AM,Jan-07,0.07,0.046,50,
02/01/2007 12:00:00 AM,Feb-07,0.069,0.045,50,
03/01/2007 12:00:00 AM,Mar-07,0.069,0.044,50,
04/01/2007 12:00:00 AM,Apr-07,0.069,0.045,50,
05/01/2007 12:00:00 AM,May-07,0.069,0.044,50,
06/01/2007 12:00:00 AM,Jun-07,0.07,0.046,50,
07/01/2007 12:00:00 AM,Jul-07,0.071,0.047,50,
08/01/2007 12:00:00 AM,Aug-07,0.072,0.046,50,
09/01/2007 12:00:00 AM,Sep-07,0.073,0.047,50,
10/01/2007 12:00:00 AM,Oct-07,0.073,0.047,50,
11/01/2007 12:00:00 AM,Nov-07,0.073,0.047,50,
12/01/2007 12:00:00 AM,Dec-07,0.072,0.05,50,
01/01/2008 12:00:00 AM,Jan-08,0.072,0.05,50,
02/01/2008 12:00:00 AM,Feb-08,0.072,0.049,50,
03/01/2008 12:00:00 AM,Mar-08,0.073,0.051,50,
04/01/2008 12:00:00 AM,Apr-08,0.074,0.05,50,
05/01/2008 12:00:00 AM,May-08,0.076,0.054,50,
06/01/2008 12:00:00 AM,Jun-08,0.079,0.056,50,
07/01/2008 12:00:00 AM,Jul-08,0.081,0.058,50,
08/01/2008 12:00:00 AM,Aug-08,0.084,0.061,50,
09/01/2008 12:00:00 AM,Sep-08,0.087,0.061,50,
10/01/2008 12:00:00 AM,Oct-08,0.091,0.065,50,
11/01/2008 12:00:00 AM,Nov-08,0.096,0.068,50,
12/01/2008 12:00:00 AM,Dec-08,0.101,0.073,50,
01/01/2009 12:00:00 AM,Jan-09,0.109,0.078,50,
02/01/2009 12:00:00 AM,Feb-09,0.118,0.083,50,
03/01/2009 12:00:00 AM,Mar-09,0.125,0.087,50,
04/01/2009 12:00:00 AM,Apr-09,0.131,0.09,50,
05/01/2009 12:00:00 AM,May-09,0.136,0.094,50,
06/01/2009 12:00:00 AM,Jun-09,0.14,0.095,50,
07/01/2009 12:00:00 AM,Jul-09,0.14,0.095,50,
08/01/2009 12:00:00 AM,Aug-09,0.138,0.096,50,
09/01/2009 12:00:00 AM,Sep-09,0.137,0.098,50,
10/01/2009 12:00:00 AM,Oct-09,0.135,0.1,50,
11/01/2009 12:00:00 AM,Nov-09,0.134,0.099,50,
12/01/2009 12:00:00 AM,Dec-09,0.133,0.099,50,
01/01/2010 12:00:00 AM,Jan-10,0.132,0.098,50,
02/01/2010 12:00:00 AM,Feb-10,0.131,0.098,48,
03/01/2010 12:00:00 AM,Mar-10,0.129,0.099,48,
04/01/2010 12:00:00 AM,Apr-10,0.127,0.099,47,
05/01/2010 12:00:00 AM,May-10,0.125,0.096,50,
06/01/2010 12:00:00 AM,Jun-10,0.124,0.094,49,
07/01/2010 12:00:00 AM,Jul-10,0.123,0.094,49,
08/01/2010 12:00:00 AM,Aug-10,0.12,0.095,49,
09/01/2010 12:00:00 AM,Sep-10,0.117,0.095,49,
10/01/2010 12:00:00 AM,Oct-10,0.115,0.094,49,
11/01/2010 12:00:00 AM,Nov-10,0.112,0.098,48,
12/01/2010 12:00:00 AM,Dec-10,0.108,0.09300000000000001,48,
01/01/2011 12:00:00 AM,Jan-11,0.105,0.091,47,
02/01/2011 12:00:00 AM,Feb-11,0.104,0.09,42,
03/01/2011 12:00:00 AM,Mar-11,0.099,0.09,42,
04/01/2011 12:00:00 AM,Apr-11,0.1,0.091,43,
05/01/2011 12:00:00 AM,May-11,0.101,0.09,47,
06/01/2011 12:00:00 AM,Jun-11,0.102,0.091,46,
07/01/2011 12:00:00 AM,Jul-11,0.102,0.09,46,
08/01/2011 12:00:00 AM,Aug-11,0.101,0.09,46,
09/01/2011 12:00:00 AM,Sep-11,0.099,0.09,46,
10/01/2011 12:00:00 AM,Oct-11,0.098,0.08800000000000001,46,
11/01/2011 12:00:00 AM,Nov-11,0.096,0.086,45,
12/01/2011 12:00:00 AM,Dec-11,0.094,0.085,45,
01/01/2012 12:00:00 AM,Jan-12,0.092,0.083,42,
02/01/2012 12:00:00 AM,Feb-12,0.091,0.083,45,
03/01/2012 12:00:00 AM,Mar-12,0.091,0.08199999999999999,44,
04/01/2012 12:00:00 AM,Apr-12,0.091,0.08199999999999999,45,
05/01/2012 12:00:00 AM,May-12,0.091,0.08199999999999999,42,
06/01/2012 12:00:00 AM,Jun-12,0.091,0.08199999999999999,43,
07/01/2012 12:00:00 AM,Jul-12,0.09,0.08199999999999999,43,
08/01/2012 12:00:00 AM,Aug-12,0.09,0.081,43,
09/01/2012 12:00:00 AM,Sep-12,0.09,0.078,43,
10/01/2012 12:00:00 AM,Oct-12,0.09,0.078,44,
11/01/2012 12:00:00 AM,Nov-12,0.09,0.077,44,
12/01/2012 12:00:00 AM,Dec-12,0.09,0.079,44,
01/01/2013 12:00:00 AM,Jan-13,0.09,0.08,45,
02/01/2013 12:00:00 AM,Feb-13,0.09,0.077,46,
03/01/2013 12:00:00 AM,Mar-13,0.089,0.075,46,
04/01/2013 12:00:00 AM,Apr-13,0.089,0.076,46,
05/01/2013 12:00:00 AM,May-13,0.088,0.075,45,
06/01/2013 12:00:00 AM,Jun-13,0.088,0.075,45,
07/01/2013 12:00:00 AM,Jul-13,0.088,0.073,45,
08/01/2013 12:00:00 AM,Aug-13,0.088,0.07200000000000001,45,
09/01/2013 12:00:00 AM,Sep-13,0.086,0.07200000000000001,46,
10/01/2013 12:00:00 AM,Oct-13,0.085,0.07200000000000001,46,
11/01/2013 12:00:00 AM,Nov-13,0.084,0.069,46,
12/01/2013 12:00:00 AM,Dec-13,0.082,0.067,46,
01/01/2014 12:00:00 AM,Jan-14,0.081,0.066,45,
02/01/2014 12:00:00 AM,Feb-14,0.08,0.067,38,
03/01/2014 12:00:00 AM,Mar-14,0.079,0.067,38,
04/01/2014 12:00:00 AM,Apr-14,0.077,0.062,36,
05/01/2014 12:00:00 AM,May-14,0.075,0.063,45,
06/01/2014 12:00:00 AM,Jun-14,0.074,0.061,45,
07/01/2014 12:00:00 AM,Jul-14,0.072,0.062,46,
08/01/2014 12:00:00 AM,Aug-14,0.07,0.061,46,
09/01/2014 12:00:00 AM,Sep-14,0.068,0.059000000000000004,45,
10/01/2014 12:00:00 AM,Oct-14,0.066,0.057,45,
11/01/2014 12:00:00 AM,Nov-14,0.064,0.057999999999999996,44,
12/01/2014 12:00:00 AM,Dec-14,0.062,0.055999999999999994,43,
01/01/2015 12:00:00 AM,Jan-15,0.06,0.057,34,
02/01/2015 12:00:00 AM,Feb-15,0.059,0.055,28,
03/01/2015 12:00:00 AM,Mar-15,0.058,0.054000000000000006,28,
04/01/2015 12:00:00 AM,Apr-15,0.057,0.054000000000000006,29,
05/01/2015 12:00:00 AM,May-15,0.056,0.055999999999999994,34,
06/01/2015 12:00:00 AM,Jun-15,0.055,0.053,32,
07/01/2015 12:00:00 AM,Jul-15,0.054,0.052000000000000005,31,
08/01/2015 12:00:00 AM,Aug-15,0.052,0.051,31,
09/01/2015 12:00:00 AM,Sep-15,0.051,0.05,31,
10/01/2015 12:00:00 AM,Oct-15,0.05,0.05,27,
11/01/2015 12:00:00 AM,Nov-15,0.05,0.051,28,
12/01/2015 12:00:00 AM,Dec-15,0.049,0.05,28,
01/01/2016 12:00:00 AM,Jan-16,0.049,0.048,27,
02/01/2016 12:00:00 AM,Feb-16,0.049,0.049,32,
03/01/2016 12:00:00 AM,Mar-16,0.05,0.05,36,
04/01/2016 12:00:00 AM,Apr-16,0.05,0.051,36,
05/01/2016 12:00:00 AM,May-16,0.05,0.048,28,
06/01/2016 12:00:00 AM,Jun-16,0.05,0.049,27,
07/01/2016 12:00:00 AM,Jul-16,0.05,0.048,26,
08/01/2016 12:00:00 AM,Aug-16,0.05,0.049,25,
09/01/2016 12:00:00 AM,Sep-16,0.051,0.05,25,
10/01/2016 12:00:00 AM,Oct-16,0.051,0.049,26,
11/01/2016 12:00:00 AM,Nov-16,0.051,0.047,26,
12/01/2016 12:00:00 AM,Dec-16,0.05,0.047,31,
01/01/2017 12:00:00 AM,Jan-17,0.049,0.047,38,
02/01/2017 12:00:00 AM,Feb-17,0.047,0.046,43,
03/01/2017 12:00:00 AM,Mar-17,0.045,0.044000000000000004,43,
04/01/2017 12:00:00 AM,Apr-17,0.044,0.045,32,
05/01/2017 12:00:00 AM,May-17,0.043,0.044000000000000004,26,
06/01/2017 12:00:00 AM,Jun-17,0.044,0.043,20,
07/01/2017 12:00:00 AM,Jul-17,0.045,0.043,15,
08/01/2017 12:00:00 AM,Aug-17,0.046,0.044000000000000004,18,
09/01/2017 12:00:00 AM,Sep-17,0.047,0.042,31,
10/01/2017 12:00:00 AM,Oct-17,0.047,0.040999999999999995,33,
11/01/2017 12:00:00 AM,Nov-17,0.047,0.042,35,
12/01/2017 12:00:00 AM,Dec-17,0.046,0.040999999999999995,42,
01/01/2018 12:00:00 AM,Jan-18,0.045,0.04,39,
02/01/2018 12:00:00 AM,Feb-18,0.044,0.040999999999999995,44,
03/01/2018 12:00:00 AM,Mar-18,0.043,0.04,43,
04/01/2018 12:00:00 AM,Apr-18,0.042,0.04,43,
05/01/2018 12:00:00 AM,May-18,0.041,0.038,42,
06/01/2018 12:00:00 AM,Jun-18,0.04,0.04,39,
07/01/2018 12:00:00 AM,Jul-18,0.04,0.038,37,Michigan’s seasonally adjusted unemployment rate inched down to 4.3 percent in July. The jobless rate is 0.2 percentage points below the rate marked in July 2017.
08/01/2018 12:00:00 AM,Aug-18,0.04,0.038,32,Michigan’s seasonally adjusted unemployment rate inched down to 4.1 percent in August. The jobless rate is 0.5 percentage points below the rate marked in August 2017.
09/01/2018 12:00:00 AM,Sep-18,0.04,0.037000000000000005,30,Michigan’s seasonally adjusted unemployment rate inched down to 4.0 percent in September. The jobless rate is 0.7 percentage points below the rate marked in September 2017.
10/01/2018 12:00:00 AM,Oct-18,0.041,0.038,30,Michigan’s seasonally adjusted unemployment rate inched down to 3.9 percent in October. The jobless rate is 0.8 percentage points below the rate marked in October 2017.
11/01/2018 12:00:00 AM,Nov-18,0.041,0.038,30,Michigan’s seasonally adjusted unemployment rate remained at 3.9 percent in November. The jobless rate is 0.8 percentage points below the rate marked in November 2017.
12/01/2018 12:00:00 AM,Dec-18,0.042,0.039,33,Michigan’s seasonally adjusted unemployment rate increased to 4 percent in December. The jobless rate is 0.7 percentage points below the rate marked in December 2017.
01/01/2019 12:00:00 AM,Jan-19,0.042,0.04,33,Michigan’s seasonally adjusted unemployment rate held steady at 4 percent in January. The jobless rate is 0.5 percentage points below the rate marked in January 2018.
02/01/2019 12:00:00 AM,Feb-19,0.042,0.038,35,Michigan’s seasonally adjusted unemployment rate held steady at 4 percent in February. The jobless rate is 0.4 percentage points below the rate marked in February 2018.
03/01/2019 12:00:00 AM,Mar-19,0.042,0.038,34,Michigan’s seasonally adjusted unemployment rate held steady at 4 percent in March. The jobless rate is 0.4 percentage points below the rate marked in March 2018.
04/01/2019 12:00:00 AM,Apr-19,0.042,0.037000000000000005,39,Michigan’s seasonally adjusted unemployment rate increased slightly to 4.1 percent in April. The jobless rate is 0.2 percentage points below the rate marked in April 2018.
05/01/2019 12:00:00 AM,May-19,0.042,0.037000000000000005,40,Michigan’s seasonally adjusted unemployment rate increased slightly to 4.2 percent in May. The jobless rate is unchanged from the rate marked in May 2018.
06/01/2019 12:00:00 AM,Jun-19,0.042,0.036000000000000004,41,Michigan’s seasonally adjusted unemployment rate held steady at 4.2 percent in June. The jobless rate is 0.2 percentage points higher than the rate marked in June 2018.
07/01/2019 12:00:00 AM,Jul-19,0.041,0.036000000000000004,42,Michigan’s seasonally adjusted unemployment rate increased slightly to 4.3 percent in July. The jobless rate is 0.3 percentage points higher than the rate marked in July 2018.
08/01/2019 12:00:00 AM,Aug-19,0.041,0.037000000000000005,41,Michigan’s seasonally adjusted unemployment rate decreased slightly to 4.2 percent in August. The jobless rate is 0.3 percentage points higher than the rate marked in August 2018.
09/01/2019 12:00:00 AM,Sep-19,0.04,0.035,41,Michigan’s seasonally adjusted unemployment rate held steady at 4.2 percent in September. The jobless rate is 0.3 percentage points higher than the rate marked in September 2018.
10/01/2019 12:00:00 AM,Oct-19,0.039,0.036000000000000004,41,Michigan’s seasonally adjusted unemployment rate inched down to 4.1 percent in October. The jobless rate is 0.1 percentage points higher than the rate marked in October 2018.
11/01/2019 12:00:00 AM,Nov-19,0.038,0.036000000000000004,,Michigan’s seasonally adjusted unemployment rate inched down to 4.0 percent in November. The jobless rate is unchanged from the rate marked in November 2018.
12/01/2019 12:00:00 AM,Dec-19,0.037,0.036000000000000004,37,Michigan’s seasonally adjusted unemployment rate inched down to 3.9 percent in December. The jobless rate is 0.1 percentage points less than the rate marked in December 2018.
01/01/2020 12:00:00 AM,Jan-20,0.037,0.035,36,Michigan’s seasonally adjusted unemployment rate inched down to 3.8 percent in January. The jobless rate is 0.4 percentage points less than the rate marked in January 2019.
02/01/2020 12:00:00 AM,Feb-20,0.037,0.035,32,Michigan’s seasonally adjusted unemployment rate inched down to 3.6 percent in February. The jobless rate is 0.6 percentage points less than the rate marked in February 2019.
03/01/2020 12:00:00 AM,Mar-20,0.037,0.044000000000000004,26,Michigan’s seasonally adjusted unemployment rate increased to 4.4 percent in March. The jobless rate is 0.2 percentage points less than the rate marked in March 2019.
04/01/2020 12:00:00 AM,Apr-20,0.236,0.14800000000000002,49,"Michigan’s seasonally adjusted unemployment rate increased to 22.7 percent in April, the highest rate since at least 1976 (as far back as comparable estimates go). The jobless rate is 18.4 percentage points greater than the rate marked in April 2019."
05/01/2020 12:00:00 AM,May-20,0.208,0.133,48,Michigan’s seasonally adjusted unemployment rate decreased to 21.2 percent in May. The jobless rate is 17 percentage points greater than the rate marked in May 2019.
06/01/2020 12:00:00 AM,Jun-20,0.141,0.111,45,Michigan’s seasonally adjusted unemployment rate decreased to 14.8 percent in June. The jobless rate is 10.6 percentage points greater than the rate marked in June 2019.
07/01/2020 12:00:00 AM,Jul-20,0.09,0.102,27,Michigan’s seasonally adjusted unemployment rate decreased to 8.7 percent in July. The jobless rate is 4.6 percentage points greater than the rate marked in July 2019.
08/01/2020 12:00:00 AM,Aug-20,0.085,0.084,37,Michigan’s seasonally adjusted unemployment rate held steady at 8.7 percent in August. The jobless rate is 4.7 percentage points greater than the rate marked in August 2019.
09/01/2020 12:00:00 AM,Sep-20,0.082,0.078,41,Michigan’s seasonally adjusted unemployment rate held dipped to 8.5 percent in September. The jobless rate is 4.6 percentage points greater than the rate marked in September 2019.
10/01/2020 12:00:00 AM,Oct-20,0.081,0.069,17,Michigan’s seasonally adjusted unemployment rate held dipped to 5.5 percent in October. The jobless rate is 1.6 percentage points greater than the rate marked in October 2019.
11/01/2020 12:00:00 AM,Nov-20,0.082,0.067,37,Michigan’s seasonally adjusted unemployment rate held increased to 6.9 percent in November. The jobless rate is 3.0 percentage points greater than the rate marked in November 2019.
12/01/2020 12:00:00 AM,Dec-20,0.082,0.067,39,Michigan’s seasonally adjusted unemployment rate held increased to 7.5 percent in December. The jobless rate is 3.6 percentage points greater than the rate marked in December 2019.
01/01/2021 12:00:00 AM,Jan-21,0.057,0.063,27,Michigan’s seasonally adjusted unemployment rate held decreased to 5.7 percent in January. The jobless rate is 2.0 percentage points greater than the rate marked in January 2020.
02/01/2021 12:00:00 AM,Feb-21,0.052,0.062,23,Michigan’s seasonally adjusted unemployment rate held decreased to 5.2 percent in February. The jobless rate is 1.5 percentage points greater than the rate marked in February 2020.
03/01/2021 12:00:00 AM,Mar-21,0.051,0.06,24,Michigan’s seasonally adjusted unemployment rate  decreased to 5.1 percent in March. The jobless rate is 1.4 percentage points greater than the rate marked in March 2020.
04/01/2021 12:00:00 AM,Apr-21,0.049,0.061,24,Michigan’s seasonally adjusted unemployment rate  decreased to 4.9 percent in April. The jobless rate is 18.7 percentage points greater than the rate marked in April 2020.
05/01/2021 12:00:00 AM,May-21,0.05,0.058,25,Michigan’s seasonally adjusted unemployment rate  increased to 5 percent in May. The jobless rate is 15.8 percentage points less than the rate marked in May 2020.
06/01/2021 12:00:00 AM,Jun-21,0.05,0.059,26,Michigan’s seasonally adjusted unemployment rate held at 5 percent in June. The jobless rate is 9.1 percentage points less than the rate marked in June 2020.
07/01/2021 12:00:00 AM,Jul-21,0.048,0.054,24,Michigan’s seasonally adjusted unemployment rate dropped to 4.8 percent in July. The jobless rate is 4.2 percentage points less than the rate marked in July 2020.
